{"bus": [[1, -1, 0], [2, -1, 0], [3, -1, 0], [4, -1, 0], [5, -1, 0], [6, -1, 0], [7, -1, 0], [8, -1, 0], [9, -1, 0], [10, -1, 0], [11, -1, 0], [12, -1, 0], [13, -1, 0], [14, -1, 0], [15, -1, 0], [16, -1, 0], [17, -1, 0], [18, -1, 0], [19, -1, 0], [20, -1, 0], [21, -1, 0], [22, -1, 0], [23, -1, 0], [24, -1, 0], [25, -1, 0], [26, -1, 0], [27, -1, 0], [28, -1, 0], [29, -1, 0], [30, -1, 0], [31, -1, 0], [32, -1, 0], [33, -1, 0], [34, -1, 0], [35, -1, 0], [36, -1, 0], [37, -1, 0], [38, -1, 0], [39, -1, 0], [40, -1, 0], [41, -1, 0], [42, -1, 0], [43, -1, 0], [44, -1, 0], [45, -1, 0], [46, -1, 0], [47, -1, 0], [48, -1, 0], [49, -1, 0], [50, -1, 0], [51, -1, 0], [52, -1, 0], [53, -1, 0], [54, -1, 0], [55, -1, 0], [56, -1, 0], [57, -1, 0], [58, -1, 0], [59, -1, 0], [60, -1, 0], [61, -1, 0], [62, -1, 0], [63, -1, 0], [64, -1, 0], [65, -1, 0], [66, -1, 0], [67, -1, 0], [68, -1, 0], [69, -1, 0], [70, -1, 0], [71, -1, 0], [72, -1, 0], [73, -1, 0], [74, -1, 0], [75, -1, 0], [76, -1, 0], [77, -1, 0], [78, -1, 0], [79, -1, 0], [80, -1, 0], [81, -1, 0], [82, -1, 0], [83, -1, 0], [84, -1, 0], [85, -1, 0], [86, -1, 0], [87, -1, 0], [88, -1, 0], [89, -1, 0], [90, -1, 0]], "gencost": [[2, 0, 0, 2, -0.6, 0], [2, 0, 0, 2, -2.0, 0], [2, 0, 0, 2, -0.7000000000000001, 0], [2, 0, 0, 2, -0.6, 0], [2, 0, 0, 2, -1.0, 0], [2, 0, 0, 2, -0.4, 0], [2, 0, 0, 2, -2.1, 0], [2, 0, 0, 2, -1.8000000000000003, 0], [2, 0, 0, 2, -0.8, 0], [2, 0, 0, 2, -1.5000000000000002, 0], [2, 0, 0, 2, -1.0, 0], [2, 0, 0, 2, -0.8, 0], [2, 0, 0, 2, -1.5000000000000002, 0], [2, 0, 0, 2, -0.5, 0], [2, 0, 0, 2, -0.6, 0], [2, 0, 0, 2, -1.8000000000000003, 0], [2, 0, 0, 2, -1.7000000000000002, 0], [2, 0, 0, 2, -2.1, 0], [2, 0, 0, 2, -1.5000000000000002, 0], [2, 0, 0, 2, -0.9, 0], [2, 0, 0, 2, -0.1, 0], [2, 0, 0, 2, -1.7000000000000002, 0], [2, 0, 0, 2, -0.7000000000000001, 0], [2, 0, 0, 2, -0.4, 0], [2, 0, 0, 2, -0.8, 0], [2, 0, 0, 2, -1.2000000000000002, 0], [2, 0, 0, 2, -0.8, 0], [2, 0, 0, 2, -1.9000000000000001, 0], [2, 0, 0, 2, -1.2000000000000002, 0], [2, 0, 0, 2, -1.3000000000000003, 0], [2, 0, 0, 2, -2.1, 0], [2, 0, 0, 2, -0.2, 0], [2, 0, 0, 2, -0.7000000000000001, 0], [2, 0, 0, 2, -0.4, 0], [2, 0, 0, 2, -1.9000000000000001, 0], [2, 0, 0, 2, -1.4000000000000001, 0], [2, 0, 0, 2, -0.4, 0], [2, 0, 0, 2, -0.9, 0], [2, 0, 0, 2, -0.1, 0], [2, 0, 0, 2, -1.0, 0], [2, 0, 0, 2, -0.1, 0], [2, 0, 0, 2, -1.9000000000000001, 0], [2, 0, 0, 2, -0.7000000000000001, 0], [2, 0, 0, 2, -1.2000000000000002, 0], [2, 0, 0, 2, -1.8000000000000003, 0], [2, 0, 0, 2, -0.1, 0], [2, 0, 0, 2, -2.1, 0], [2, 0, 0, 2, -1.1, 0], [2, 0, 0, 2, -0.4, 0], [2, 0, 0, 2, -1.2000000000000002, 0], [2, 0, 0, 2, -0.6, 0], [2, 0, 0, 2, -1.2000000000000002, 0], [2, 0, 0, 2, -0.30000000000000004, 0], [2, 0, 0, 2, -1.8000000000000003, 0], [2, 0, 0, 2, -1.3000000000000003, 0], [2, 0, 0, 2, -0.8, 0], [2, 0, 0, 2, -1.4000000000000001, 0], [2, 0, 0, 2, -0.5, 0], [2, 0, 0, 2, -1.9000000000000001, 0], [2, 0, 0, 2, -1.1, 0], [2, 0, 0, 2, -1.3000000000000003, 0], [2, 0, 0, 2, -0.9, 0], [2, 0, 0, 2, -1.5000000000000002, 0], [2, 0, 0, 2, -2.0, 0], [2, 0, 0, 2, -1.1, 0], [2, 0, 0, 2, -1.2000000000000002, 0], [2, 0, 0, 2, -2.0, 0], [2, 0, 0, 2, -1.7000000000000002, 0], [2, 0, 0, 2, -1.4000000000000001, 0], [2, 0, 0, 2, -0.30000000000000004, 0], [2, 0, 0, 2, -2.0, 0], [2, 0, 0, 2, -1.5000000000000002, 0], [2, 0, 0, 2, -1.6, 0], [2, 0, 0, 2, -0.8, 0], [2, 0, 0, 2, -2.0, 0], [2, 0, 0, 2, -0.7000000000000001, 0], [2, 0, 0, 2, -0.5, 0], [2, 0, 0, 2, -1.7000000000000002, 0], [2, 0, 0, 2, -1.5000000000000002, 0], [2, 0, 0, 2, -1.3000000000000003, 0], [2, 0, 0, 2, -1.7000000000000002, 0], [2, 0, 0, 2, -0.9, 0], [2, 0, 0, 2, -0.5, 0], [2, 0, 0, 2, -0.2, 0], [2, 0, 0, 2, -0.30000000000000004, 0], [2, 0, 0, 2, -0.1, 0], [2, 0, 0, 2, -1.0, 0], [2, 0, 0, 2, -1.3000000000000003, 0], [2, 0, 0, 2, -1.1, 0], [2, 0, 0, 2, -0.30000000000000004, 0]], "gen": [[1, -1, -1, -1, -1, -1, -1, -1, 6, 0], [2, -1, -1, -1, -1, -1, -1, -1, 0, -7], [3, -1, -1, -1, -1, -1, -1, -1, 0, -7], [4, -1, -1, -1, -1, -1, -1, -1, 0, -8], [5, -1, -1, -1, -1, -1, -1, -1, 1, 0], [6, -1, -1, -1, -1, -1, -1, -1, 0, -9], [7, -1, -1, -1, -1, -1, -1, -1, 0, -10], [8, -1, -1, -1, -1, -1, -1, -1, 8, 0], [9, -1, -1, -1, -1, -1, -1, -1, 0, -7], [10, -1, -1, -1, -1, -1, -1, -1, 5, 0], [11, -1, -1, -1, -1, -1, -1, -1, 0, -14], [12, -1, -1, -1, -1, -1, -1, -1, 0, -13], [13, -1, -1, -1, -1, -1, -1, -1, 0, -12], [14, -1, -1, -1, -1, -1, -1, -1, 0, -12], [15, -1, -1, -1, -1, -1, -1, -1, 9, 0], [16, -1, -1, -1, -1, -1, -1, -1, 0, -12], [17, -1, -1, -1, -1, -1, -1, -1, 2, 0], [18, -1, -1, -1, -1, -1, -1, -1, 0, -12], [19, -1, -1, -1, -1, -1, -1, -1, 0, -12], [20, -1, -1, -1, -1, -1, -1, -1, 10, 0], [21, -1, -1, -1, -1, -1, -1, -1, 1, 0], [22, -1, -1, -1, -1, -1, -1, -1, 0, -12], [23, -1, -1, -1, -1, -1, -1, -1, 0, -2], [24, -1, -1, -1, -1, -1, -1, -1, 0, -4], [25, -1, -1, -1, -1, -1, -1, -1, 0, -4], [26, -1, -1, -1, -1, -1, -1, -1, 4, 0], [27, -1, -1, -1, -1, -1, -1, -1, 0, -8], [28, -1, -1, -1, -1, -1, -1, -1, 0, -6], [29, -1, -1, -1, -1, -1, -1, -1, 8, 0], [30, -1, -1, -1, -1, -1, -1, -1, 4, 0], [31, -1, -1, -1, -1, -1, -1, -1, 0, -13], [32, -1, -1, -1, -1, -1, -1, -1, 1, 0], [33, -1, -1, -1, -1, -1, -1, -1, 0, -6], [34, -1, -1, -1, -1, -1, -1, -1, 0, -13], [35, -1, -1, -1, -1, -1, -1, -1, 0, -5], [36, -1, -1, -1, -1, -1, -1, -1, 0, -5], [37, -1, -1, -1, -1, -1, -1, -1, 0, -3], [38, -1, -1, -1, -1, -1, -1, -1, 15, 0], [39, -1, -1, -1, -1, -1, -1, -1, 9, 0], [40, -1, -1, -1, -1, -1, -1, -1, 0, -2], [41, -1, -1, -1, -1, -1, -1, -1, 1, 0], [42, -1, -1, -1, -1, -1, -1, -1, 0, -2], [43, -1, -1, -1, -1, -1, -1, -1, 0, -8], [44, -1, -1, -1, -1, -1, -1, -1, 6, 0], [45, -1, -1, -1, -1, -1, -1, -1, 0, -8], [46, -1, -1, -1, -1, -1, -1, -1, 2, 0], [47, -1, -1, -1, -1, -1, -1, -1, 10, 0], [48, -1, -1, -1, -1, -1, -1, -1, 0, -1], [49, -1, -1, -1, -1, -1, -1, -1, 0, -11], [50, -1, -1, -1, -1, -1, -1, -1, 0, -12], [51, -1, -1, -1, -1, -1, -1, -1, 0, -14], [52, -1, -1, -1, -1, -1, -1, -1, 0, -5], [53, -1, -1, -1, -1, -1, -1, -1, 12, 0], [54, -1, -1, -1, -1, -1, -1, -1, 6, 0], [55, -1, -1, -1, -1, -1, -1, -1, 0, -8], [56, -1, -1, -1, -1, -1, -1, -1, 0, -10], [57, -1, -1, -1, -1, -1, -1, -1, 0, -7], [58, -1, -1, -1, -1, -1, -1, -1, 12, 0], [59, -1, -1, -1, -1, -1, -1, -1, 5, 0], [60, -1, -1, -1, -1, -1, -1, -1, 0, -13], [61, -1, -1, -1, -1, -1, -1, -1, 0, -4], [62, -1, -1, -1, -1, -1, -1, -1, 0, -4], [63, -1, -1, -1, -1, -1, -1, -1, 14, 0], [64, -1, -1, -1, -1, -1, -1, -1, 0, -8], [65, -1, -1, -1, -1, -1, -1, -1, 0, -7], [66, -1, -1, -1, -1, -1, -1, -1, 6, 0], [67, -1, -1, -1, -1, -1, -1, -1, 0, -8], [68, -1, -1, -1, -1, -1, -1, -1, 8, 0], [69, -1, -1, -1, -1, -1, -1, -1, 9, 0], [70, -1, -1, -1, -1, -1, -1, -1, 0, -2], [71, -1, -1, -1, -1, -1, -1, -1, 8, 0], [72, -1, -1, -1, -1, -1, -1, -1, 8, 0], [73, -1, -1, -1, -1, -1, -1, -1, 0, -13], [74, -1, -1, -1, -1, -1, -1, -1, 0, -14], [75, -1, -1, -1, -1, -1, -1, -1, 6, 0], [76, -1, -1, -1, -1, -1, -1, -1, 8, 0], [77, -1, -1, -1, -1, -1, -1, -1, 0, -1], [78, -1, -1, -1, -1, -1, -1, -1, 0, -15], [79, -1, -1, -1, -1, -1, -1, -1, 0, -14], [80, -1, -1, -1, -1, -1, -1, -1, 15, 0], [81, -1, -1, -1, -1, -1, -1, -1, 0, -11], [82, -1, -1, -1, -1, -1, -1, -1, 2, 0], [83, -1, -1, -1, -1, -1, -1, -1, 0, -10], [84, -1, -1, -1, -1, -1, -1, -1, 2, 0], [85, -1, -1, -1, -1, -1, -1, -1, 0, -8], [86, -1, -1, -1, -1, -1, -1, -1, 15, 0], [87, -1, -1, -1, -1, -1, -1, -1, 0, -3], [88, -1, -1, -1, -1, -1, -1, -1, 0, -3], [89, -1, -1, -1, -1, -1, -1, -1, 0, -4], [90, -1, -1, -1, -1, -1, -1, -1, 0, -7]],