{"nodes":{"1":[2.204806849519432,-2.3411216394731116],"2":[5.349002895445335,0.6895038931966828],"3":[7.426656129038637,-3.5417150929997763],"4":[10.74454271023781,-4.463997898085605],"5":[0.9057472438910179,-7.641658656853655],"6":[-4.065968691507665,-10.563239698759359],"7":[9.868272302179518,-1.4308185880721693],"8":[-3.9380060140087227,-12.818372862988184],"9":[-3.9770106081532126,-2.2731082017269735],"10":[-2.9921901721704405,-15.953141387857627],"11":[13.452104135666287,-5.357180249609246],"12":[0.39660456147484124,3.0494504145761705],"13":[-9.036302579115981,-10.20562454511533],"14":[-2.9890775821983806,4.006195856577632],"15":[-9.37798069602027,-6.7069877533076285],"16":[-2.985172143427766,7.3777331648804925],"17":[-7.348624856973867,7.515832880170258],"18":[18.875152321723096,-1.419065455746597],"19":[3.012278714609241,-7.422126342517062],"20":[9.026723607170696,4.590430181752895],"21":[-5.628137534296604,0.20861857822917365],"22":[-5.471129553016669,-4.202560434144024],"23":[12.279562933949792,6.8289901675742595],"24":[15.260345468269959,-0.8888740332120698],"25":[-6.641747556145637,5.047943901616947],"26":[6.658993695951108,-8.4415247155882],"27":[8.442766752695551,8.233432932004144],"28":[-12.906712273072404,-9.493000110366891],"29":[-2.7572984415758297,-6.576371874484811],"30":[14.412333530025577,5.944693641866576],"31":[-13.084545054823248,7.40091099324984],"32":[-9.50006875007479,4.883095605792509],"33":[5.936572726002318,6.513272006117186],"34":[-7.449249122041235,1.8314209633150829],"35":[10.383373761633946,-12.52134626071209],"36":[-0.6108856475922604,-14.11233728308362],"37":[-17.104171903962378,4.84961971406472],"38":[7.92281369705594,0.5457522803984908],"39":[12.525721258007595,-15.16822820053791],"40":[0.531228028907018,5.314593704412385],"41":[-12.309721022749555,3.5338829604300037],"42":[-7.644458162066265,-2.410612877404124],"43":[10.263259446417363,-8.95445079960983],"44":[-2.206517348282601,-0.6084751078825767],"45":[2.8368913113881735,-11.515876617459321],"46":[-4.362087939349887,-9.083982416503313],"47":[4.66833149414089,-10.624897683370104],"48":[9.619142102519845,1.797386688916906],"49":[13.221221447766768,2.6218490932304825],"50":[15.86558766133173,7.660702823885685],"51":[-13.684873806820267,1.2913400865148874],"52":[7.209829413374299,-11.948517307669254],"53":[-16.250995229502422,-7.948338652100232],"54":[9.780829514877018,-7.01542251025665],"55":[11.718301136621122,9.670333541226723],"56":[4.4393610264517465,-14.745001921217918],"57":[-10.758528815287338,0.7982912435731948],"58":[-2.152013120130789,10.12853366405825],"59":[-12.798830113850967,-4.545920665270456],"60":[-5.975476211070574,-7.089305938276958],"61":[2.4456822075195257,6.792556074004522],"62":[2.8218035618541304,4.315992071114268],"63":[13.885926728535761,-8.358526161857476],"64":[0.15509421772338514,10.230525027831447],"65":[-19.02868687700437,0.7710819592207133],"66":[0.664572254737269,-9.936453689526585],"67":[12.434556830846098,-0.9767799833298318],"68":[-10.24061265688328,-2.802854753675994],"69":[-18.708129495989446,-3.7714729927899384],"70":[-9.250785893610464,10.718735869674978],"71":[0.12828190266850487,7.59922668364445],"72":[-5.4405039030693985,10.15721500963044],"73":[2.2973904063204036,-15.852236836583476],"74":[-0.4810133408461946,-11.661604114789828],"75":[17.911444349208992,0.7377436914127864],"76":[21.56563806487255,-3.3791782434275786],"77":[17.2675758330063,3.222437358678448],"78":[3.379104703344287,10.669165387569034],"79":[8.21614343173115,-15.542823342549125],"80":[16.618392596719385,-5.30392606259054],"81":[-10.937417231082804,-13.06376701766727],"82":[-6.503412503703068,-15.009339097747365],"83":[7.864979710163598,10.686533308857184],"84":[16.64275256781807,11.068164395238176],"85":[16.522106930673676,-10.469391548456402],"86":[-16.659606217382276,-11.01757508228132],"87":[22.112815654790527,-0.27773739733122965],"88":[-14.078617576266748,-1.399743205415134],"89":[0.1799072471762287,-4.257411102077084],"90":[18.958187154983325,8.938558969013522]},"edges":[["1","2"],["2","3"],["1","3"],["3","4"],["1","5"],["5","6"],["3","7"],["6","8"],["1","9"],["8","10"],["4","11"],["1","12"],["2","12"],["6","13"],["12","14"],["1","14"],["13","15"],["14","16"],["16","17"],["14","17"],["11","18"],["1","19"],["5","19"],["2","20"],["9","21"],["9","22"],["20","23"],["18","24"],["11","24"],["14","25"],["17","25"],["1","26"],["19","26"],["23","27"],["13","28"],["15","28"],["22","29"],["9","29"],["23","30"],["17","31"],["25","32"],["20","33"],["27","33"],["21","34"],["26","35"],["10","36"],["8","36"],["31","37"],["2","38"],["7","38"],["35","39"],["12","40"],["32","41"],["9","42"],["26","43"],["9","44"],["19","45"],["5","45"],["29","46"],["19","47"],["20","48"],["20","49"],["23","50"],["41","51"],["26","52"],["28","53"],["11","54"],["27","55"],["23","55"],["45","56"],["51","57"],["16","58"],["15","59"],["28","59"],["46","60"],["12","61"],["40","61"],["12","62"],["61","62"],["54","63"],["11","63"],["58","64"],["37","65"],["45","66"],["5","66"],["3","67"],["49","67"],["42","68"],["65","69"],["53","69"],["17","70"],["64","71"],["16","71"],["16","72"],["45","73"],["36","74"],["8","74"],["18","75"],["24","75"],["18","76"],["75","77"],["61","78"],["52","79"],["11","80"],["13","81"],["10","82"],["27","83"],["50","84"],["63","85"],["53","86"],["18","87"],["51","88"],["59","88"],["5","89"],["50","90"]]}
